{"_id":"7498b5fe5f4754130074d94c26b80881","_openid":"oP6r25Qw7yOAvGv8pxrQbrhMp4eE","product_new":true,"product_status":0.0,"category_type":1.0,"product_banner":["cloud://yunkaifa-xuexi-1.7975-yunkaifa-xuexi-1-1301233624/1598510091748.jpg","cloud://yunkaifa-xuexi-1.7975-yunkaifa-xuexi-1-1301233624/1598510091747.jpg","cloud://yunkaifa-xuexi-1.7975-yunkaifa-xuexi-1-1301233624/1598510091750.jpg","cloud://yunkaifa-xuexi-1.7975-yunkaifa-xuexi-1-1301233624/1598510091744.jpg","cloud://yunkaifa-xuexi-1.7975-yunkaifa-xuexi-1-1301233624/1598510091746.jpg"],"product_description":["cloud://yunkaifa-xuexi-1.7975-yunkaifa-xuexi-1-1301233624/1598510093816.jpg"],"updatetime":{"$date":"2020-08-27T06:34:58.591Z"},"createTime":{"$date":"2020-08-27T06:34:58.591Z"},"product_img":"cloud://yunkaifa-xuexi-1.7975-yunkaifa-xuexi-1-1301233624/1598510061184.png","product_name":"深海带鱼","product_price":33.0,"product_sell_price":22.0,"product_stock":9999.0,"product_theme":1.0}
{"_id":"b5416b755f47545100858462002b6406","product_description":["cloud://yunkaifa-xuexi-1.7975-yunkaifa-xuexi-1-1301233624/1598510156624.jpg"],"product_sell_price":14.0,"product_theme":1.0,"_openid":"oP6r25Qw7yOAvGv8pxrQbrhMp4eE","category_type":1.0,"product_name":"金枪鱼","product_status":0.0,"product_new":true,"product_stock":9999.0,"updatetime":{"$date":"2020-08-27T06:36:01.146Z"},"createTime":{"$date":"2020-08-27T06:36:01.146Z"},"product_banner":["cloud://yunkaifa-xuexi-1.7975-yunkaifa-xuexi-1-1301233624/1598510151230.jpg","cloud://yunkaifa-xuexi-1.7975-yunkaifa-xuexi-1-1301233624/1598510151231.jpg","cloud://yunkaifa-xuexi-1.7975-yunkaifa-xuexi-1-1301233624/1598510151229.jpg","cloud://yunkaifa-xuexi-1.7975-yunkaifa-xuexi-1-1301233624/1598510151232.jpg","cloud://yunkaifa-xuexi-1.7975-yunkaifa-xuexi-1-1301233624/1598510151233.jpg"],"product_img":"cloud://yunkaifa-xuexi-1.7975-yunkaifa-xuexi-1-1301233624/1598510130179.png","product_price":33.0}
{"_id":"7498b5fe5f4754a40074e1ec07966768","product_new":true,"updatetime":{"$date":"2020-08-27T06:37:24.511Z"},"createTime":{"$date":"2020-08-27T06:37:24.511Z"},"product_sell_price":25.0,"product_status":0.0,"product_description":["cloud://yunkaifa-xuexi-1.7975-yunkaifa-xuexi-1-1301233624/1598510226412.jpg","cloud://yunkaifa-xuexi-1.7975-yunkaifa-xuexi-1-1301233624/1598510226411.jpg","cloud://yunkaifa-xuexi-1.7975-yunkaifa-xuexi-1-1301233624/1598510226410.jpg"],"category_type":2.0,"product_stock":999.0,"product_theme":2.0,"_openid":"oP6r25Qw7yOAvGv8pxrQbrhMp4eE","product_img":"cloud://yunkaifa-xuexi-1.7975-yunkaifa-xuexi-1-1301233624/1598510188402.png","product_name":"大闸蟹","product_price":50.0,"product_banner":["cloud://yunkaifa-xuexi-1.7975-yunkaifa-xuexi-1-1301233624/1598510224732.jpg","cloud://yunkaifa-xuexi-1.7975-yunkaifa-xuexi-1-1301233624/1598510224735.jpg","cloud://yunkaifa-xuexi-1.7975-yunkaifa-xuexi-1-1301233624/1598510224735.jpg","cloud://yunkaifa-xuexi-1.7975-yunkaifa-xuexi-1-1301233624/1598510224734.jpg","cloud://yunkaifa-xuexi-1.7975-yunkaifa-xuexi-1-1301233624/1598510224733.jpg","cloud://yunkaifa-xuexi-1.7975-yunkaifa-xuexi-1-1301233624/1598510228954.jpg","cloud://yunkaifa-xuexi-1.7975-yunkaifa-xuexi-1-1301233624/1598510228952.jpg","cloud://yunkaifa-xuexi-1.7975-yunkaifa-xuexi-1-1301233624/1598510228953.jpg","cloud://yunkaifa-xuexi-1.7975-yunkaifa-xuexi-1-1301233624/1598510228955.jpg","cloud://yunkaifa-xuexi-1.7975-yunkaifa-xuexi-1-1301233624/1598510228954.jpg"]}
{"_id":"60173c665f4754ec00672eeb5057e86c","product_banner":["cloud://yunkaifa-xuexi-1.7975-yunkaifa-xuexi-1-1301233624/1598510292906.jpg","cloud://yunkaifa-xuexi-1.7975-yunkaifa-xuexi-1-1301233624/1598510292912.png","cloud://yunkaifa-xuexi-1.7975-yunkaifa-xuexi-1-1301233624/1598510292911.jpg","cloud://yunkaifa-xuexi-1.7975-yunkaifa-xuexi-1-1301233624/1598510292907.jpg","cloud://yunkaifa-xuexi-1.7975-yunkaifa-xuexi-1-1301233624/1598510292913.png"],"product_description":["cloud://yunkaifa-xuexi-1.7975-yunkaifa-xuexi-1-1301233624/1598510310557.png","cloud://yunkaifa-xuexi-1.7975-yunkaifa-xuexi-1-1301233624/1598510310560.png","cloud://yunkaifa-xuexi-1.7975-yunkaifa-xuexi-1-1301233624/1598510310559.jpg","cloud://yunkaifa-xuexi-1.7975-yunkaifa-xuexi-1-1301233624/1598510310559.png"],"_openid":"oP6r25Qw7yOAvGv8pxrQbrhMp4eE","product_name":"扇贝","product_new":true,"product_price":44.0,"product_sell_price":33.0,"product_stock":999.0,"category_type":3.0,"product_img":"cloud://yunkaifa-xuexi-1.7975-yunkaifa-xuexi-1-1301233624/1598510272438.png","product_status":0.0,"createTime":{"$date":"2020-08-27T06:38:36.121Z"},"updatetime":{"$date":"2020-08-27T06:38:36.121Z"},"product_theme":2.0}
{"_id":"60173c665f4755300067326b1e1cd32c","category_type":3.0,"product_img":"cloud://yunkaifa-xuexi-1.7975-yunkaifa-xuexi-1-1301233624/1598510340499.png","product_sell_price":12.0,"product_status":0.0,"product_description":["cloud://yunkaifa-xuexi-1.7975-yunkaifa-xuexi-1-1301233624/1598510370972.jpg","cloud://yunkaifa-xuexi-1.7975-yunkaifa-xuexi-1-1301233624/1598510370971.jpg"],"product_theme":3.0,"updatetime":{"$date":"2020-08-27T06:39:44.623Z"},"_openid":"oP6r25Qw7yOAvGv8pxrQbrhMp4eE","product_name":"深海小黄鱼","product_new":true,"product_price":33.0,"product_stock":999.0,"createTime":{"$date":"2020-08-27T06:39:44.623Z"},"product_banner":["cloud://yunkaifa-xuexi-1.7975-yunkaifa-xuexi-1-1301233624/1598510360612.jpg","cloud://yunkaifa-xuexi-1.7975-yunkaifa-xuexi-1-1301233624/1598510360613.jpg","cloud://yunkaifa-xuexi-1.7975-yunkaifa-xuexi-1-1301233624/1598510360614.jpg"]}
