{"_id":"d782d4875f632b8200009cfd147af4ce","buyer_openid":"oP6r25Qw7yOAvGv8pxrQbrhMp4eE","buyer_name":"张三","buyer_phone":"020-81167888","buyer_address":"广东省广州市海珠区新港中路397号","order_amount":33,"order_status":0,"create_time":{"$date":"2020-09-17T09:25:22.118Z"},"update_time":{"$date":"2020-09-17T09:25:22.118Z"},"orderdetail":[{"product_id":"60173c665f4754ec00672eeb5057e86c","product_name":"扇贝","product_price":33,"product_count":1,"product_img":"cloud://yunkaifa-xuexi-1.7975-yunkaifa-xuexi-1-1301233624/1598510272438.png","create_time":{"$date":"2020-09-17T09:25:22.118Z"},"update_time":{"$date":"2020-09-17T09:25:22.118Z"}}]}
