{"_id":"ac5f38825f472ec3006e674d7de386eb","_openid":"oP6r25Qw7yOAvGv8pxrQbrhMp4eE","create_time":{"$date":"2020-08-27T03:55:47.984Z"},"image":"cloud://yunkaifa-xuexi-1.7975-yunkaifa-xuexi-1-1301233624/1598500533020.png","name":"水杯","product_id":"6518b7395f472c54006cad443c53bea4","show":true,"update_time":{"$date":"2020-08-27T03:55:47.984Z"}}
{"_id":"ac5f38825f4755630072990d10f421ef","product_id":"b5416b755f47545100858462002b6406","show":true,"update_time":{"$date":"2020-08-27T06:40:34.898Z"},"_openid":"oP6r25Qw7yOAvGv8pxrQbrhMp4eE","create_time":{"$date":"2020-08-27T06:40:34.898Z"},"image":"cloud://yunkaifa-xuexi-1.7975-yunkaifa-xuexi-1-1301233624/1598510405877.png","name":"金枪鱼"}
