{"_id":{"$oid":"5d078641a87a1a18b69d552a"},"theme_type":4,"product_theme":4}
{"_id":{"$oid":"5d078641a87a1a18b69d5528"},"theme_type":3,"product_theme":3}
{"_id":{"$oid":"5d078641a87a1a18b69d551a"},"theme_type":1,"product_theme":1}
{"_id":{"$oid":"5d078641a87a1a18b69d5522"},"theme_type":2,"product_theme":2}
{"_id":{"$oid":"5d078641a87a1a18b69d551c"},"theme_type":1,"product_theme":1}
{"_id":{"$oid":"5d078641a87a1a18b69d5524"},"theme_type":2,"product_theme":2}
{"_id":{"$oid":"5d078641a87a1a18b69d551e"},"theme_type":1,"product_theme":1}
{"_id":{"$oid":"5d078641a87a1a18b69d5526"},"theme_type":3,"product_theme":3}
{"_id":{"$oid":"5d078641a87a1a18b69d5520"},"theme_type":2,"product_theme":2}
{"_id":{"$oid":"5d078641a87a1a18b69d552c"},"theme_type":4,"product_theme":4}
