{"_id":{"$oid":"5cf533c5a87a1a18b6629a67"},"theme_name":"生鲜鱼类","theme_type":1.0,"theme_icon":"cloud://yunkaifa-xuexi-1.7975-yunkaifa-xuexi-1-1301233624/uploads/1596525169687.png","id":"5cf533c5a87a1a18b6629a67","updateTime":{"$date":"2020-08-04T07:12:50.156Z"}}
{"_id":{"$oid":"5cf533c5a87a1a18b6629a6d"},"theme_name":"大闸蟹","theme_type":2.0,"theme_icon":"cloud://yunkaifa-xuexi-1.7975-yunkaifa-xuexi-1-1301233624/uploads/1596591334602.png","id":"5cf533c5a87a1a18b6629a6d","updateTime":{"$date":"2020-08-05T01:35:36.289Z"}}
{"_id":{"$oid":"5cf533c5a87a1a18b6629a69"},"theme_name":"精品龙虾","theme_type":3.0,"theme_icon":"cloud://yunkaifa-xuexi-1.7975-yunkaifa-xuexi-1-1301233624/uploads/1596591370271.png","id":"5cf533c5a87a1a18b6629a69","updateTime":{"$date":"2020-08-05T01:36:10.265Z"}}
{"_id":{"$oid":"5cf533c5a87a1a18b6629a6b"},"theme_name":"美味扇贝","theme_type":4.0,"theme_icon":"cloud://yunkaifa-xuexi-1.7975-yunkaifa-xuexi-1-1301233624/uploads/1596591395221.png","id":"5cf533c5a87a1a18b6629a6b","updateTime":{"$date":"2020-08-05T01:36:35.277Z"}}
